SECTION,WEAPONS — raw stats from weapon.gd,,,,,,,,,,,
,,,,,,,,,,,,
CATEGORY,Name,Class,Weapon Lvl,Melee Offense,Melee Defense,Ranged Offense,Ranged Defense,Reload Turns,Weapons/Level,Charge Cost %,Mil Mods,NOTES
SABER,Cutlass,Saber,1,3,2,0,0,0,0,10%,SaberCharge,
SABER,Cavalry Sword,Saber,2,5,3,0,0,0,0,10%,"SaberCharge, CavalryMorale",
SABER,Officer Sword,Saber,3,7,4,0,0,0,0,10%,SaberCharge,
SABER,Marine Mameluke,Saber,4,9,5,0,0,0,0,10%,"SaberCharge, HeavyCharge",
MUSKET,Flintlock,Musket,1,1,1,4,1,2,1,0%,Bayonet,Melee uses 0.5× penalty
MUSKET,Brown Bess,Musket,2,2,1,6,1,2,1,0%,"Bayonet, VolleyFire",Melee uses 0.5× penalty
MUSKET,Percussion Cap,Musket,3,2,2,8,2,1,1,0%,Bayonet,Faster reload
MUSKET,Breechloader,Musket,3,2,2,10,2,1,1,0%,Bayonet,
MUSKET,Lever Repeater,Musket,4,3,2,10,2,0,2,0%,"Bayonet, RapidFire",No reload delay
ARTILLERY,Field Cannon,Artillery,1,0,0,12,0,3,3,0%,CannonBlast,LEGACY — no melee at all
ARTILLERY,Field Gun,Artillery,2,0,0,18,0,3,3,0%,"CannonBlast, AreaDamage",
ARTILLERY,Howitzer,Artillery,3,0,0,25,0,2,4,0%,"CannonBlast, AreaDamage",USA starter weapon (Field Gunnery tech)
ARTILLERY,Siege Cannon,Artillery,2,0,0,22,0,4,4,0%,"CannonBlast, Siege",Slow fire but bypasses fortification
ARTILLERY,Mortar,Artillery,3,0,0,30,0,2,4,0%,"CannonBlast, AreaDamage, Siege",
ARTILLERY,Early Rockets,Artillery,4,0,0,45,0,3,6,0%,"RocketBarrage, AreaDamage",Best ranged; Burns + Suppresses on hit
,,,,,,,,,,,,
,,,,,,,,,,,,
SECTION,ORES — shield values from ore.gd,,,,,,
,,,,,,,,,,,,
CATEGORY,Name,Max Shield Per Unit Level,Mil Mods Granted,Notes,,,,,,,,
ORE,Wood,45,Wood (magic def +0.02/lvl),"Cheapest ore, weakest shield",,,,,,,,
ORE,Zylfire,50,none,,,,,,,,,
ORE,Gold,60,Gold (magic def +0.04/lvl),"Good magic resist, weak shield",,,,,,,,
ORE,Slime,75,none,,,,,,,,,
ORE,Copper,100,Copper (magic def +0.02/lvl),Starter ore — USA and UK begin with this,,,,,,,,
ORE,Floodstone,115,none,,,,,,,,,
ORE,Iron,130,Iron (magic def),Standard military metal,,,,,,,,
ORE,Ivoroid,170,none,High shield — rare,,,,,,,,
ORE,Marble,190,none,Very high — late game,,,,,,,,
ORE,Moonbone,210,none,Maximum shield ore,,,,,,,,
,,,,,,,,,,,,
SHIELD FORMULA: unitMaxShield = unitLevel × oreMaxShield,,,,,,,,,,,,
EXAMPLE (Copper + L1): unitMaxShield = 1 × 100 = 100,,,,,,,,,,,,
EXAMPLE (Iron + L3): unitMaxShield = 3 × 130 = 390,,,,,,,,,,,,
EXAMPLE (Moonbone + L5): unitMaxShield = 5 × 210 = 1050,,,,,,,,,,,,
,,,,,,,,,,,,
,,,,,,,,,,,,
SECTION,ARMORS (UNIFORMS) — block values from armor.gd,,,,,,,
,,,,,,,,,,,,
CATEGORY,Name,Class,Melee Block %,Ranged Block %,Spell Block %,Weapons/Level,Mil Mods Granted,Notes
UNIFORM,Militia,Uniform,10%,10%,5%,5,none,Cheapest — starter enemies
UNIFORM,Minuteman,Uniform,12%,18%,8%,8,MinutemanSpirit,USA thematic starter
UNIFORM,Continental,Uniform,15%,20%,10%,10,DrillFormation,Balanced — USA regular
UNIFORM,Redcoat,Uniform,20%,15%,10%,10,LineFormation,UK regular — melee heavy
UNIFORM,Light Infantry,Uniform,10%,30%,10%,15,Skirmish,Best ranged defense
UNIFORM,Tombstone Cap,Uniform,10%,20%,5%,12,QuickDraw,First-shot bonus
UNIFORM,Heavy Infantry,Uniform,35%,10%,10%,8,ShockTroop,Best melee block
UNIFORM,Cavalry,Uniform,25%,5%,15%,5,MountedCharge,Mobile melee
UNIFORM,Hardee Hat,Uniform,15%,25%,10%,10,HardeeDisc,Parade discipline
UNIFORM,Artillery Corps,Uniform,5%,5%,20%,20,GunCrewEfficiency,Fragile — artillery crew
,,,,,,,,,,,,
BLOCK FORMULA: unitDefensiveScore = armorMeleeBlock / 100 (decimal 0.0–1.0),,,,,,,,,,,,
BLOCK FORMULA: unitRangedDefence = armorRangedBlock / 100 (decimal 0.0–1.0),,,,,,,,,,,,
IMPORTANT: In battle armyBlock is AVERAGED across units (not summed),,,,,,,,,,,,
IMPORTANT: block_ratio = armyBlock / numUnits — capped at 0.90 max,,,,,,,,,,,,
,,,,,,,,,,,,
,,,,,,,,,,,,
SECTION,COMBAT FORMULAS — from unit.gd and battle.gd,,,,,,,
,,,,,,,,,,,,
STAT,Formula,Notes,,,,,,,,,
PUNCH (unitOffensiveScore),"(unitLevel × weaponMeleeOffense × meleePenalty) × effectMultiplier","meleePenalty: Saber=1.0  Musket=0.5  Artillery=0.0",,,,,,,,
PUNCH (army),"sum(unitOffensiveScore) × commanderMM","commanderMM = 1.0 + (morale/100 × 0.25)",,,,,,,,
LAUNCH (unitRangedOffence),"(unitLevel × weaponRangedOffense) × effectMultiplier","Artillery: effectMultiplier = weapons% only",,,,,,,,
LAUNCH (army),sum(unitRangedOffence),No commander morale bonus,,,,,,,,
BLOCK,"unitDefensiveScore = armorMeleeBlock / 100","armyBlock = sum; in battle AVERAGED by unit count",,,,,,,,
DEFENCE,"unitRangedDefence = armorRangedBlock / 100","armyDefence = sum; in battle AVERAGED by unit count",,,,,,,,
SHIELD,"unitMaxShield = unitLevel × oreMaxShield","armyMaxShield = sum; absorbs damage before manpower",,,,,,,,
MANPOWER,"unitMaxManpower = 100 × unitLevel","armyMaxManpower = sum(units)",,,,,,,,
EFFECT MULTI (Saber/Musket),"avg(manpower%, weapons%)","= (curMan/maxMan + curWep/maxWep) / 2",,,,,,,,
EFFECT MULTI (Artillery),weapons% only,"= curWep/maxWep  (ammo-dependent)",,,,,,,,
CANNON vs SHIELD,net_ranged × 0.5 (penalty),"CannonBlast halves all ranged damage vs shielded enemy",,,,,,,,
CANNON vs UNSHIELDED,net_ranged × 3.0 (×5.0 w/ Tempering),CannonBlast triples damage vs bare manpower,,,,,,,,
,,,,,,,,,,,,
,,,,,,,,,,,,
SECTION,EXAMPLE UNITS at Level 1 (100% manpower and weapons),,,,,,,
,,,,,,,,,,,,
EXAMPLE,Weapon,Ore,Armor,unitPunch (L1),unitLaunch (L1),unitDefBlock%,unitRangedBlock%,unitMaxShield (L1),unitMaxManpower (L1),Notes
Starter Musket,Flintlock,Copper,Minuteman,0.5,4,12%,18%,100,100,"Punch halved (musket×0.5 penalty)"
Starter Musket,Brown Bess,Copper,Continental,1.0,6,15%,20%,100,100,
Starter Saber,Cutlass,Copper,Continental,3.0,0,15%,20%,100,100,
Starter Saber,Cavalry Sword,Copper,Cavalry,5.0,0,25%,5%,100,100,
UK Regular,Brown Bess,Copper,Redcoat,1.0,6,20%,15%,100,100,
Upgraded Musket,Percussion Cap,Iron,Continental,1.0,8,15%,20%,130,100,
Top Musket,Lever Repeater,Iron,Light Infantry,1.5,10,10%,30%,130,100,No reload!
Howitzer crew,Howitzer,Iron,Artillery Corps,0,25,5%,5%,130,100,"No melee; cannon fires 1 of 3 turns (reload 2)"
Best Ranged,Early Rockets,Moonbone,Artillery Corps,0,45,5%,5%,210,100,Fires 1 of 4 turns (reload 3)
,,,,,,,,,,,,
,,,,,,,,,,,,
SECTION,EXAMPLE 2-UNIT ARMIES at Level 1 (100% strength),,,,,,,
,,,,,,,,,,,,
ARMY NAME,Unit 1,Unit 2,armyPunch,armyLaunch,armyBlock (avg per unit),armyDefence (avg per unit),armyMaxShield,armyMaxManpower,TOTAL HEALTH
USA Starter,Flintlock+Copper+Minuteman,Howitzer+Iron+Artillery,0.5,29.0,8.5%,11.5%,230,200,430
UK Starter,Brown Bess+Copper+Redcoat,Brown Bess+Copper+Redcoat,2.0,12.0,20%,15%,200,200,400
Saber Army,Cutlass+Copper+Continental,Cavalry Sword+Copper+Cavalry,8.0,0,20%,12.5%,200,200,400
Mixed USA,Cutlass+Copper+Heavy Infantry,Flintlock+Copper+Light Infantry,3.5+0.5=4,4,22.5%,25%,200,200,400
,,,,,,,,,,,,
,,,,,,,,,,,,
SECTION,COMBAT ROUND SIMULATION — USA Starter vs UK Starter,,,,,,,
,,,,,,,,,,,,
ROUND,Action,Attacker Launch/Punch,Defender Block,Raw Net Damage,Cannon Modifier,Net Damage,Shield Before,Shield After,Manpower Before,Manpower After,Notes
USA RANGED ROUND 1,,,,,,,,,,,,
Round 1,USA fires ranged (Flintlock+Howitzer),29.0,UK rangedBlock=15%,24.65,×0.5 (CannonBlast vs shield),12.33,200,188,200,200,"Shield absorbs all; Flintlock reloads 2 turns, Howitzer reloads 2 turns"
Round 2,USA ranged (both reloading),0,—,0,—,0,188,188,200,200,ZERO ranged this turn
Round 3,USA ranged (both reloading),0,—,0,—,0,188,188,200,200,ZERO ranged this turn
Round 4,USA fires ranged (both ready again),29.0,15%,24.65,×0.5,12.33,188,176,200,200,Shield still up
TURNS TO BREAK UK SHIELD (200 HP),,,,,,,"~16 turns just for shield break",,,,,!!! HUGE BALANCE PROBLEM
TURNS TO KILL AFTER SHIELD BREAKS,,,,,,,"~17 turns for 200 manpower",,,,,!!! COMBINED: ~33 turns to kill
,,,,,,,,,,,,
UK MELEE ROUND (counterattack),,,,,,,,,,,,
Round 1,UK melee,2.0 punch,USA meleeBlock=8.5%,1.83,none,1.83,230,228,200,200,Shield absorbs
,,,,,,,,,,,,
,,,,,,,,,,,,
SECTION,BALANCE ANALYSIS & TARGETS,,,,,,,
,,,,,,,,,,,,
PROBLEM,Description,,,,,,,,,,,
SHIELD TOO HIGH,"unitMaxShield = unitLevel × oreMaxShield — scales identically to manpower (100×level) but adds on top — effectively doubles army HP",,,,,,,,,,,,
PUNCH TOO LOW,"Melee weapons give 3-9 offense — this is damage vs 100-300 HP units — meaningless",,,,,,,,,,,,
CANNON PENALTY,"CannonBlast ×0.5 vs shielded makes artillery almost useless early — they need to break shields but are worst at it",,,,,,,,,,,,
RELOAD DEAD TURNS,"Howitzer needs 2 reload turns — army fires then idles 2 turns — effective DPS = 1/3 of max",,,,,,,,,,,,
,,,,,,,,,,,,
TARGET,Current Value,Suggested Fix,Rationale,,,,,,,,
2-3 turns to kill,33+ turns currently,Need ~165 total damage over 3 turns vs 430 HP enemy = 55/turn average,,,,,,,,,,
armyPunch for 2-unit saber L1,6-8 current,Increase to ~60-80 (10× weapons OR similar),60 punch × 80% net vs 200 shield+manpower ≈ 3 turns,,,,,,,,,,
armyLaunch for mixed L1,29 (peak but 1/3 idle),Increase ranged OR reduce shield dependency,29 × 0.85 = 25 — good if shields were 20-30 range,,,,,,,,,,
oreMaxShield values,Copper=100 — too high,"Reduce by 5-8×: Copper→20, Iron→25, Moonbone→40",Brings shield below 1 turn of damage,,,,,,,,,,
unitMaxManpower formula,"100 × level — 200 total at L1","Keep as-is — manpower is fine if shields are reduced",With shield=20-50 total and punch=60 total HP is right range,,,,,,,,,,
CannonBlast vs shield penalty,×0.5 (nerf to ranged),"Remove or change to ×1.0 — let shields just absorb normally","Cannons should break shields fast, that's their role",,,,,,,,,,
,,,,,,,,,,,,
SUGGESTED NEW WEAPON OFFENSE VALUES (10× scale-up to match 100-manpower units):,,,,,,,,,,,,
WEAPON,Current Melee Off,Suggested Melee Off,Current Ranged Off,Suggested Ranged Off,Notes,,,,,,,,
Cutlass,3,25,0,0,,,,,,,,,
Cavalry Sword,5,40,0,0,,,,,,,,,
Officer Sword,7,55,0,0,,,,,,,,,
Marine Mameluke,9,70,0,0,,,,,,,,,
Flintlock,1 (×0.5=0.5),8 (×0.5=4),4,35,,,,,,,,,
Brown Bess,2 (×0.5=1),10,6,50,,,,,,,,,
Percussion Cap,2 (×0.5=1),10,8,65,,,,,,,,,
Breechloader,2,10,10,80,,,,,,,,,
Lever Repeater,3,15,10,80,,,,,,,,,
Howitzer,0,0,25,120,,,,,,,,,
Mortar,0,0,30,150,,,,,,,,,
Early Rockets,0,0,45,220,,,,,,,,,
,,,,,,,,,,,,
SUGGESTED NEW ORE SHIELD VALUES (5× reduction):,,,,,,,,,,,,
ORE,Current MaxShield/Level,Suggested MaxShield/Level,Example L1 Shield,Example L3 Shield,Notes,,,,,,,,
Wood,45,9,9,27,,,,,,,,,
Zylfire,50,10,10,30,,,,,,,,,
Gold,60,12,12,36,,,,,,,,,
Slime,75,15,15,45,,,,,,,,,
Copper,100,20,20,60,,,,,,,,,
Floodstone,115,23,23,69,,,,,,,,,
Iron,130,26,26,78,,,,,,,,,
Ivoroid,170,34,34,102,,,,,,,,,
Marble,190,38,38,114,,,,,,,,,
Moonbone,210,42,42,126,,,,,,,,,
,,,,,,,,,,,,
VERIFICATION: 2-unit L1 army with suggested values (Cutlass+Copper+Continental × 2):,,,,,,,,,,,,
armyPunch = 2 × (1 × 25 × 1.0 × 1.0) = 50,,,,,,,,,,,,
armyMaxShield = 2 × (1 × 20) = 40,,,,,,,,,,,,
armyMaxManpower = 2 × 100 = 200,,,,,,,,,,,,
Total enemy HP = 40 shield + 200 manpower = 240,,,,,,,,,,,,
"Net melee damage per turn: 50 × (1 - 0.15 avg block) = 42.5 per turn",,,,,,,,,,,,
"Turn 1: hits shield (40 HP) → absorbs 40, remainder hits manpower: 42.5 - 40 = 2.5 manpower damage",,,,,,,,,,,,
"Turn 2: full 42.5 manpower damage → 200 - 2.5 - 42.5 = 155 remaining",,,,,,,,,,,,
"Turn 3: full 42.5 → 155 - 42.5 = 112.5 remaining",,,,,,,,,,,,
"Turn 4: 42.5 → 112.5 - 42.5 = 70 remaining",,,,,,,,,,,,
"Turn 5: 42.5 → destroyed at ~5 turns — close to target; fine-tune upward slightly",,,,,,,,,,,,
VERDICT: Need ~12-15× weapon offense increase OR ~5× ore reduction for 2-3 turn fights,,,,,,,,,,,,
