ID,Name,Type,Country_Faction,Alignment,Position,Magic_School,Spell_Unlock,Region_State,Terrain_Affinity,Starting_Army_Name,Key_Traits,Narrative_Hook,Status,Notes
GOV_01,Patrick Henry,GOVERNOR_NAMED,USA / Patriot,PLAYER,ORATOR,,,,VA,,"Visionary, fire-brand, anti-centralist, principled","The revolution's loudest voice — and most suspicious of the government it's building. Events where ideological purity collides with pragmatic necessity.",IMPLEMENTED,Faction: Patriot. MilMods: Visionary(all) / Champion of Sun(L2+) / Healer(L3). Leads Sons of Liberty.
GOV_02,Abigail Adams,GOVERNOR_NAMED,USA / Moderate,PLAYER,DIPLOMAT,,,,MA,,"Intellectual, conscience, feminist, patient","The voice that keeps the movement honest about who it's actually for. Events about inclusion, compromise, and what the revolution is willing to become.",IMPLEMENTED,Faction: Moderate. Leads Continental Congress.
GOV_03,Thomas Paine,GOVERNOR_NAMED,USA / Radical,PLAYER,SCHOLAR,,,,PA (immigrant),,"Idealist, incendiary, stateless, visionary","The man who lit the fire with a pamphlet. Events where principles collide with governance — he trusts the people absolutely and is sometimes wrong.",IMPLEMENTED,Faction: Radical. Leads Free Workers Union.
GOV_04,Mercy Otis Warren,GOVERNOR_NAMED,USA / Patriot,PLAYER,SCHOLAR,,,,MA,,"Sharp, satirical, principled, overlooked","The historian watching the revolution happen. Events where what's being recorded matters as much as what's being done. Abolitionist themes.",IMPLEMENTED,Faction: Patriot. Leads Abolitionist League.
GOV_05,Daniel Shays,GOVERNOR_NAMED,USA / Populist,PLAYER,FARMER,,,,MA,,"Betrayed, resolute, working-class, stubborn","The revolution that got left behind. Events about what the new government owes the people who fought for it. Tenant farmers / debt / land.",IMPLEMENTED,Faction: Populist. Leads Common Cause.
GOV_06,Ualani Carlisle,GOVERNOR_NAMED,USA / Federal,PLAYER,PRESIDENT & COMMANDER,,,,DC (HI origin),,"Bold, sardonic, restless, leads from front","The player character. Events that put the presidency on the line — DC falls / morale collapses / impossible choices. 17 security detail objections unread.",IMPLEMENTED,Faction: Federal. Starts Tile 188 (DC). Level 3. Commands APF personally.
GOV_07,Benjamin Tallmadge,GOVERNOR_NAMED,USA / Patriot,PLAYER,SPYMASTER,,,,CT / NY Metro,Suburbs|Metro,,Methodical / loyal / paranoid / meticulous,"The Culper Ring is back. Events where intelligence is the weapon — double agents, intercepted dispatches, turning loyalists. Perfect anchor for Codebook spy system.",ADDED,Faction: Patriot (Sons of Liberty affiliate). Historical: ran Washington's spy network 1778-1783. Pairs with Codebook CPF system.
GOV_08,Phillis Wheatley,GOVERNOR_NAMED,USA / Abolitionist League,PLAYER,HERALD,,,,MA / Metro,Metro|Suburbs,,Eloquent / principled / transcendent / overlooked,"Her poetry is reaching British-held territories and stoking rebellion from within. Events about cultural power as a weapon — words that outlast cannon fire.",ADDED,Faction: Abolitionist League. Historical: first published African American poet (1773). Named representative for NP_04 cultural pool in story events.
GOV_09,Francis Asbury,GOVERNOR_NAMED,USA / Common Cause,PLAYER,CIRCUIT PREACHER,,,,VA / Frontier,Woods|Foothills|Farmlands,,Tireless / fire-and-brimstone / democratic / anti-slavery,"300k miles of preaching in territory armies can't reach. Events about organizing the unorganized — frontier settlements / revival culture / faith as resistance.",ADDED,Faction: Common Cause. Historical: 'Father of American Methodism.' Gives faith/harmony system a named face. Terrain: Woods/Foothills.
NPC_01,Lord Cornwallis,FACTION_LEADER,UK / Crown Loyalists,ENEMY,GENERAL,,,,VA / Carolinas,,"Aristocratic, dutiful, humiliated, competent","The man who surrendered Yorktown and can't forget it. Events that make him reluctant to repeat that mistake — or force him into exactly that position again.",IMPLEMENTED (NAME ONLY),Leads Crown Loyalists. Level 2. Starts Tile 14. Needs full governor.gd entry if used in UK-side events.
NPC_02,General Howe,FACTION_LEADER,UK / Military Command,ENEMY,FIELD COMMANDER,,,,NY / MA,,"Cautious, political, frustrated, capable","The general who hesitated at Brooklyn when he could have ended it. Events about military authority vs. political restraint — and what happens when hesitation has a cost.",IMPLEMENTED (NAME ONLY),Leads Tory Merchants + Military Command. Level 2. Starts Tile 14. Needs fleshing for events.
NPC_03,Governor Carleton,FACTION_LEADER,CA / French Habitants,NEUTRAL,COLONIAL GOVERNOR,,,,QC / Montreal,,"Pragmatic, caught between, loyalist by duty, sympathetic","Canada's impossible position — colonial by law, revolutionary by proximity. Events about who Canada's loyalty actually belongs to.",IMPLEMENTED (NAME ONLY),Leads French Habitants + British Settlers + Indigenous Allies. Level 1. Starts Tile 201.
NPC_08,Jessica Clear-Water,GOVERNOR_NAMED,CA / Indigenous Allies,NEUTRAL,LEADER & CHIEF,,,,CA - OT / Ottawa,,"Principled, direct, unbothered by protocol, always right about Britain","Canada's de facto leader. Events about sovereignty, land rights, and what an alliance with the Continental Republic actually means for her people. The pivot character of the Canadian arc.",IMPLEMENTED,isLeader=true. Faction: Indigenous Allies. Level 3. Starts Tile 201 (Ottawa). CAN_CLEARWATER_01 arc. questComplete=true.
NPC_09,Mark Penoit,GOVERNOR_NAMED,CA / French Habitants,NEUTRAL,DEPUTY GOVERNOR,,,,CA - QB / Saint-Georges,,"Pragmatic, military, stubborn, loyal on his own terms","Jessica's counterweight — he thinks in fortifications where she thinks in futures. Events about the gap between alliance theory and battlefield reality. The man holding the eastern flank.",IMPLEMENTED,isVicePresident=true (double milMod as army commander). Faction: French Habitants. Level 2. Starts Tile 99 (Saint-Georges). CAN_PENOIT_01 arc.
NPC_04,Calico Jack,FACTION_LEADER,BA / Nassau Pirates,VARIABLE,PRIVATEER,,,,Bahamas,,"Theatrical, mercenary, pragmatic, effective","The document in the dramatic coat. Events about the alliance of convenience — Nassau fights British for profit first patriotism second and the Republic should not forget this distinction.",IMPLEMENTED,Leads Nassau Pirates + Loyalist Refugees. Level 1. Alliance triggered by CL_182. Army: Nassau Raiders.
NPC_05,Patricia Eubanks,EVENT_NPC,GEN,NEUTRAL,GETTYSBURG DOCENT,,,PA,Farmlands,,Exhausted / professional / wry / unflappable,"She has narrated this field twice. Events where institutional memory — someone who just keeps showing up — becomes the emotional anchor of a moment.",IMPLEMENTED,Featured in CL_006 / CX_005. 'Three days. Last time it was three days.'
NPC_06,Joseph Brant (Thayendanegea),EVENT_NPC,Indigenous / UK Ally,VARIABLE,MOHAWK WAR CHIEF,,,,NY / Mohawk Valley,Woods|Foothills,,Strategic / proud / pragmatic / betrayed by everyone,"Allied with the British because American expansion is the greater threat. Can be shown a different way — but only if the Republic can prove it means something different. Variable alignment event tree.",PROPOSED,Historical: Mohawk leader during Revolution. Starting ENEMY. Conversion arc possible via Abigail Adams or Phillis Wheatley events. Uses NP_07 names pool.
NPC_07,Anne Bonny,EVENT_NPC,BA / Nassau Pirates,VARIABLE,PRIVATEER,,,,Caribbean / Bahamas,,"Fearless, charismatic, expensive, dangerous","She has a letter of marque and a grudge against the Royal Navy. Will raid British supply lines for the right price — but she operates on her own terms and her terms change.",PROPOSED,Historical pirate (game is already anachronistic). Nassau affiliate or independent. Naval combat events. Can be ally / mercenary / wild card.
PROT_01,Mothman,PROTECTOR,USA,PLAYER,AERIAL SURVEYOR,Cryptid,FEDERAL ATMOSPHERIC SURVEILLANCE ACT,WV,Foothills,,"Urgent / sleepless / omniscient / misunderstood","Has been trying to warn people for decades. Nobody listened until now. Events where intelligence comes from impossible sources — and what do you do when the warning is real.",IMPLEMENTED,Summon event: PROT_01_SUMMON. Content flag: kinky_lewd. Resource unlock: food (20-35). Dev req: 3.
PROT_02,Jersey Devil,PROTECTOR,USA,PLAYER,TERRITORIAL ASSET,Cryptid,PINE BARRENS DEVELOPMENT MORATORIUM,NJ,Wetlands,,"Territorial / hostile / primordial / born wrong","Born under controversial circumstances in the Pine Barrens. Does not negotiate territory. Does not discuss his mother. Events about belonging to a place so completely it becomes defense.",IMPLEMENTED,Summon event: PROT_02_SUMMON. Resource unlock: weapons (15-25). Dev req: 2.
PROT_03,Bigfoot,PROTECTOR,USA,PLAYER,STEALTH ASSET,Cryptid,PACIFIC NORTHWEST PRIVACY PROTECTION ACT,,Woods,,"Enormous / quiet / principled / confirmed by footprint","Communicates through action rather than statement. Events where solidarity shows up as presence — vast and undeniable and officially denied. Eleven counties of footprints.",IMPLEMENTED,Summon event: PROT_03_SUMMON. Resource unlock: wood (25-40). Dev req: 3.
PROT_04,Thunderbird,PROTECTOR,USA,PLAYER,WEATHER ASSET,Storm,EXECUTIVE WEATHER CONTROL INITIATIVE,NY,Woods,,"Ancient / immense / sovereign / reluctant","Indigenous skies reclaiming themselves. Events where the revolution aligns with older grievances — the storm does not fight for the Republic so much as against the same enemy.",IMPLEMENTED,Summon event: PROT_04_SUMMON. Resource unlock: culture (20-35). Dev req: 3.
PROT_05,Headless Horseman,PROTECTOR,USA,PLAYER,PSYCHOLOGICAL ASSET,Spectral,CLASSIFIED TACTICAL TERROR BUDGET,NY,Woods,,"Headless / aggressive / terrifying / surprisingly loyal","Cannot aim. Compensates with enthusiasm. Events where fear is the mission — Hudson Valley haunting runs / morale operations / British officers who decline to specify what they saw.",IMPLEMENTED,Summon event: PROT_05_SUMMON. Resource unlock: dollars (25-40). Dev req: 4.
PROT_06,Chessie,PROTECTOR,USA,PLAYER,NAVAL DETERRENT,Storm,CHESAPEAKE WATERS RECLAMATION PROJECT,MD,Wetlands,,"Ancient / vast / cooperative (with oysters) / diplomatic","Stirring the bay and bringing forth bounty. Events about what belongs to the water and what the water will protect. Three Royal Navy frigates reporting unexplained weather damage.",IMPLEMENTED,Summon event: PROT_06_SUMMON. Resource unlock: food (30-50). Dev req: 2.
PROT_07,The Bell Witch,PROTECTOR,USA,PLAYER,PSYCHOLOGICAL WARFARE,Storm,DEPARTMENT OF PSYCHOLOGICAL OPERATIONS,TN,Foothills,,"Independent / hostile / precise / terrifying in beds","Operates on her own terms. Does not follow orders — only alignment of interests. Events where psychological pressure becomes military advantage. Andrew Jackson will not return to that farmhouse.",IMPLEMENTED,Summon event: PROT_07_SUMMON. Resource unlock: magic (10-20). Dev req: 3.
PROT_08,Old Ironsides,PROTECTOR,USA,PLAYER,NAVAL SUPERIORITY,Iron,NAVAL SUPERIORITY MAINTENANCE DIRECTIVE,NH,Wetlands (Fixed Tile 63),,"Unsinkable / refuses retirement / has eaten admirals / impossible","The ship that cannot die. Events about legacy and refusal — things that are too important to let go even when the official order comes down. Three admirals tried.",IMPLEMENTED,Summon event: PROT_08_SUMMON. Fixed tile 63. Resource unlock: weapons (30-50). Dev req: 5.
PROT_09,Valley Forge Guardian,PROTECTOR,USA,PLAYER,WINTER RESILIENCE,Iron,COLD WEATHER RESILIENCE FUNDING ACT,PA,Fortress (Fixed Tile 1),,"Frozen / vast / collective / the army that stayed","Not Washington — the army itself. Events about what endurance means when there is nothing left but staying. The ground that remembers starving and still holds the line.",IMPLEMENTED,Summon event: PROT_09_SUMMON. Fixed tile 1. Resource unlock: manpower (50-80). Dev req: 4.
PROT_10,Snallygaster,PROTECTOR,USA,PLAYER,TERRITORIAL ASSET,Cryptid,INTER-AGENCY CRYPTID INTEGRATION PROGRAM,MD,Foothills,,"Half-reptile / half-bird / aggressively territorial / German-immigrant folklore","Bridges Old World fears and New World land. Events about settlers and what they carried with them — and what the mountains had here long before anyone carried anything.",IMPLEMENTED,Summon event: PROT_10_SUMMON. Resource unlock: metal (15-25). Dev req: 3.
PROT_11,Paul Revere,PROTECTOR,USA,PLAYER,RAPID MOBILIZATION,Liberty,MIDNIGHT EMERGENCY MOBILIZATION ORDER,MA,Suburbs,,"Agitated / fast / loud / one more time","He has done this before and he will do it again with the same energy as the first time. Events about urgency — the moment when the warning has to reach everyone and there is exactly one ride to do it.",IMPLEMENTED,Summon event: PROT_11_SUMMON. Resource unlock: culture (20-35). Dev req: 3.
PROT_12,Liberty Bell,PROTECTOR,USA,PLAYER,MORALE / MANDATE,Liberty,FREEDOM RESONANCE AMPLIFICATION DECREE,PA,Metro (Fixed Tile 2),,"Cracked / resonant / permanent / no one takes responsibility for the crack","The crack is a feature. Events about symbols and what they mean after they've broken — still ringing, still carrying, still the point.",IMPLEMENTED,Summon event: PROT_12_SUMMON. Fixed tile 2. Resource unlock: dollars (30-50). Dev req: 4.
PROT_13,Green Mountain Ghost,PROTECTOR,USA,PLAYER,SPECTRAL DEVELOPMENT,Spectral,RURAL SPECTRAL INVESTMENT INITIATIVE,VT,Foothills,,"Invisible / productive / nocturnal / Vermont","The Boys who never left. Events about place-loyalty — haunting as caretaking, presence as protection. Settlers working harder and not elaborating on why.",IMPLEMENTED,Summon event: PROT_13_SUMMON. Resource unlock: happiness (20-35). Dev req: 2.
PROT_14,Mount Rushmore,PROTECTOR,USA,PLAYER,MANIFEST ECONOMY,Manifest,MONUMENT-BASED ECONOMIC STIMULUS PACKAGE,,Metro,,"Granite / arguing / Washington tries to chair / Lincoln watching Ualani","Four presidents in the situation room. Events where history and present collide — Roosevelt interrupting / Jefferson raising philosophical objections / Lincoln quietly approving of Carlisle.",IMPLEMENTED,Summon event: PROT_14_SUMMON. Content flag: kinky_lewd. Resource unlock: mandate (25-40). Dev req: 5.
PROT_15,Skunk Ape,PROTECTOR,USA,PLAYER,WETLAND ENFORCEMENT,Cryptid,FLORIDA CRYPTID INTEGRATION TASK FORCE,FL,Wetlands,,"Massive / fragrant / passionate about swamp sovereignty / Floridian","He has been here longer than the settlers. Events about Florida — which has always operated by different rules — and what it means that even the swamp takes sides.",IMPLEMENTED,Summon event: PROT_15_SUMMON. Resource unlock: food (15-25). Dev req: 2.
PROT_16,Eternal Minuteman,PROTECTOR,USA,PLAYER,PERMANENT READINESS,Iron,PERMANENT READINESS MANDATE (EXPIRES NEVER),MA,Suburbs (Fixed Tile 61),,"Ready / always / 1775 to now / breeches situation unspecified","He was ready then. He is ready now. Events about what 'ready' means when the cause is permanent — the first shot still echoing / the same green at Lexington / the question whose answer is already known.",IMPLEMENTED,Summon event: PROT_16_SUMMON. Fixed tile 61. Resource unlock: manpower (30-50). Dev req: 3.
PROT_17,Lincoln's Ghost,PROTECTOR,USA,PLAYER,EMANCIPATION / MANDATE,Spectral,EMANCIPATION PROCLAMATION 2: STILL EMANCIPATING,DC,Metro (Fixed Tile 188),,"Spectral / useful / sits in the hard chairs / two in the morning wisdom","Still in the White House. Has opinions about the East Bedroom. Events where the weight of freedom's unfinished business arrives at 2am with something useful to say. The arc bends. This is the bending part.",IMPLEMENTED,Summon event: PROT_17_SUMMON. Fixed tile 188. Resource unlock: mandate (20-35). Dev req: 3.
ARC_01,Wetlands Fisher,ARCHETYPE,USA,PLAYER,SCOUT,,,WV/NJ/MD/SC,Wetlands,,Resourceful / local / read the water / invisible in the marsh,Guerrilla intel from the marshes. Events: local knowledge beats military strategy.,IMPLEMENTED,Army: Wetlands Rangers. Name pools: NP_01 (English) / NP_04 (African American).
ARC_02,Appalachian Miner,ARCHETYPE,USA,PLAYER,ENGINEER,,,WV/PA/VA,Foothills,,Gritty / practical / knows what's underground / doesn't trust suits,The mountain knows what armies don't. Events: tunnel warfare / resource extraction under fire / Crown mining operations.,IMPLEMENTED,Army: Mountain Militia. Name pool: NP_03 (Southern Appalachian).
ARC_03,Ivy League Dropout,ARCHETYPE,USA,PLAYER,SCHOLAR,,,Boston/Philadelphia/NYC,Metro,,Brilliant / resentful / overqualified / finding purpose,Left the academy for the cause. Events: intelligence work / propaganda / the tension between education and action.,IMPLEMENTED,Army: Volunteer Regiment. Pools: NP_01 / NP_09 (Irish) / NP_10 (Jewish).
ARC_04,Seminole Fighter,ARCHETYPE,USA,PLAYER,WARRIOR,,,FL/SC/GA,Wetlands|Farmlands,,Fierce / sovereign / tactical / fighting their own war inside this one,The revolution within the revolution. Events: Indigenous-colonial alliance tensions / Florida territory / the war this person has already been fighting.,IMPLEMENTED,Army: Forest Skirmishers. Pool: NP_07 (Indigenous).
ARC_05,Green Mountain Farmer,ARCHETYPE,USA,PLAYER,FARMER,,,VT/NH,Foothills|Farmlands,,Self-reliant / stubborn / locally loyal / works while talking,Vermont energy. Events: community defense / food security under occupation / the farmer who showed up with a musket and stayed.,IMPLEMENTED,Army: Green Mountain Boys. Pools: NP_01 / NP_06 (French/Acadian).
ARC_06,Chesapeake Shipwright,ARCHETYPE,USA,PLAYER,ENGINEER,,,MD/VA/DE,Wetlands,,Skilled / sea-knowledge / proud / loyal to the bay,Builds the boats that win naval engagements. Events: harbor defense / supply routes / what happens when the bay takes sides (see Chessie).,IMPLEMENTED,Army: Harbor Guard. Pools: NP_01 / NP_04.
ARC_07,Loyalist Turncoat,ARCHETYPE,USA,PLAYER,SPY,,,NY/PA,Metro|Suburbs,,Conflicted / calculating / high risk / knows too much,Someone who switched sides and carries the weight of what they did before. Events: double-agent dynamics / loyalty tests / the moment of choosing. Perfect Codebook commander.,IMPLEMENTED,Army: Irregular Rifles. Pools: NP_01 / NP_02 (German).
ARC_08,Tobacco Belt Drifter,ARCHETYPE,USA,PLAYER,SCOUT,,,VA/NC/SC/GA,Farmlands,,Wandering / observant / knows every road / doesn't stay,Intel from plantation country. Events: supply route sabotage / plantation economy / freedom-seeking enslaved persons they've encountered on the road.,IMPLEMENTED,Army: Frontier Militia. Pools: NP_03 / NP_04.
ARC_09,War Widow,ARCHETYPE,USA,PLAYER,DIPLOMAT,,,Any Suburb/Metro,Suburbs|Metro,,Grieved / determined / refuses to stop / twice as capable,Lost someone and turned it into fuel. Events: civilian resistance / community organizing / the cost of the revolution measured in who isn't here anymore.,IMPLEMENTED,Army: Liberty Brigade. Pools: NP_01 / NP_04 / NP_09.
ARC_10,Indigenous Scout,ARCHETYPE,USA,PLAYER,SCOUT,,,Any Woods/Wetlands,Woods|Wetlands,,Expert / sovereign / watching both sides / their own agenda,Navigates territory as a native — which means knowing things armies can't know. Events: indigenous alliance tensions / land promises / what the Republic will and won't guarantee.,IMPLEMENTED,Army: Ranger Company. Pool: NP_07.
ARC_11,Boston Rabble-Rouser,ARCHETYPE,USA,PLAYER,ORATOR,,,MA / Boston,Metro,,Loud / energetic / persuasive / occasionally right,The voice that turns a crowd into a movement. Events: propaganda / faction loyalty swings / tea parties (metaphorical and otherwise).,IMPLEMENTED,Army: Sons of Liberty. Pools: NP_01 / NP_09.
ARC_12,Continental Surgeon,ARCHETYPE,USA,PLAYER,HEALER,,,PA/VA/NY,Farmlands|Foothills,,Pragmatic / exhausted / keeps going / occasionally miraculous,Has seen everything. Events: field medicine under fire / the moral weight of triage / what surgeons know about war that generals don't.,IMPLEMENTED,Army: Continental Corps. Pools: NP_01 / NP_02.
ARC_13,Nantucket Sailor,ARCHETYPE,USA,PLAYER,ADMIRAL,,,MA / Nantucket,Wetlands,,Salt-hardened / independent / reads the ocean / Republic of the sea,The water is their home. Events: naval engagements / whale-road intelligence / Old Ironsides crew candidates.,IMPLEMENTED,Army: Naval Infantry. Pool: NP_01.
ARC_14,Frontier Preacher,ARCHETYPE,USA,PLAYER,ORATOR,,,VA/WV/TN/KY,Woods|Foothills,,Traveling / fire / democratic / anti-slavery undertone,The sermon that reaches places armies can't. Events: faith organizing / frontier settlement / the preacher who shows up during the occupation and keeps going.,IMPLEMENTED,Army: Righteous Rifles. Pool: NP_03. Pairs with Francis Asbury event arcs.
ARC_15,DC Bureaucrat,ARCHETYPE,USA,PLAYER,BUREAUCRAT,,,DC / Any Metro,Metro,,Process / paperwork / outlasts everything / unexpectedly essential,Keeps the Republic running while everyone else is fighting. Events: mandate/corruption crises / the infrastructure of revolution / 'the paperwork has to be filed.',IMPLEMENTED,Army: Federal Guard. Pools: NP_01 / NP_04.
ARC_16,Rust Belt Steelworker,ARCHETYPE,USA,PLAYER,ENGINEER,,,PA/OH/NJ,Suburbs,,Strong / union-minded / makes things / doesn't waste,The worker who built the weapons. Events: production under occupation / sabotage from inside the factory / labor organization.,IMPLEMENTED,Army: Iron Brigade. Pools: NP_02 / NP_09.
ARC_17,Plantation Deserter,ARCHETYPE,USA,PLAYER,SOLDIER,,,VA/NC/SC/GA,Farmlands,,Free / resolute / no going back / earned everything,Left. Won't return. Events: freedom-seeking narrative / what the revolution owes / the soldier who is fighting for something different than everyone else.,IMPLEMENTED,Army: Freedom Rifles. Pool: NP_04.
ARC_18,Swamp Witch,ARCHETYPE,USA,PLAYER,MAGE,,,LA/FL/SC/GA,Wetlands,,Uncanny / rooted / knows old things / not on your side but aligned,Not a soldier. Something else. Events: folk magic / bayou knowledge / the supernatural undercurrent beneath colonial America. The Bell Witch's neighbor.,IMPLEMENTED,Army: Bayou Raiders. Pools: NP_04 / NP_05 (Spanish/Caribbean).
ARC_19,Caribbean Privateer,ARCHETYPE,USA,PLAYER,ADMIRAL,,,Caribbean / Any Port,Wetlands|Suburbs,,Mercenary / effective / sea-expert / complicated allegiances,Fighting for profit that happens to align with the cause. Events: Nassau alliance support / privateering contracts / the difference between a pirate and a patriot.,IMPLEMENTED,Army: Privateer Corps. Pool: NP_05. Calico Jack / Anne Bonny story hooks.
ARC_20,Hawaiian Refugee,ARCHETYPE,USA,PLAYER,DIPLOMAT,,,HI / Any Metro,Wetlands|Metro,,Displaced / perceptive / diplomatic / Ualani Carlisle's people,Far from home in a war that's also theirs. Events: Pacific connection / diplomatic bridge / being the one person who understands both worlds.,IMPLEMENTED,Army: Pacific Guard. Pool: NP_08 (Hawaiian). Thematic pair with Ualani Carlisle.
ARC_21,Border Mercenary,ARCHETYPE,USA,PLAYER,SOLDIER,,,Any Border,Suburbs|Farmlands,,Pragmatic / price-driven / effective / loyalty to the coin,Fights for whoever pays. Has been paid by the Republic. Events: mercenary loyalty tests / the moment money isn't enough / defection risk.,IMPLEMENTED,Army: Border Company. Pools: NP_03 / NP_05.
ARC_22,Acadian Forest Ranger,ARCHETYPE,USA,PLAYER,SCOUT,,,VT/NH/ME/Canada border,Woods|Wetlands,,Quiet / displaced / francophone / knows the North,The Acadians were displaced twice. Events: borderland intelligence / Canada alliance complexities / French-speaking America.,IMPLEMENTED,Army: Forest Rangers. Pool: NP_06 (French/Acadian).
ARC_23,Gettysburg Descendant,ARCHETYPE,USA,PLAYER,SOLDIER,,,PA/MD,Farmlands|Foothills,,Historically burdened / determined / this ground means something / twice,Carries the weight of what happened here before. Events: Gettysburg significance / Patricia Eubanks crossover / the second time this field matters.,IMPLEMENTED,Army: Heritage Guard. Pools: NP_01 / NP_04.
ARC_24,LGBTQ+ Organizer,ARCHETYPE,USA,PLAYER,DIPLOMAT,,,Any Metro/Suburb,Metro|Suburbs,,Community-builder / strategic / visible / the revolution's unfinished promise,Organizing the revolution within the revolution. Events: mandate and harmony / community defense / what freedom means when it means everyone.,IMPLEMENTED,Army: Solidarity Regiment. Pools: NP_01 / NP_04 / NP_09.
ARC_25,Carnival Barker,ARCHETYPE,USA,PLAYER,ORATOR,,,Any Port/Swamp,Wetlands|Suburbs,,Loud / theatrical / persuasive / questionable / occasionally correct,The propagandist you didn't hire but got anyway. Events: information warfare / morale manipulation / the spectacular stunt that somehow works.,IMPLEMENTED,Army: Showmen's Rifles. Pools: NP_03 / NP_05.
